,chain_id,res_no,res,aa,value
0,H,1,GLN,Q,0.0
1,H,2,VAL,V,0.0
2,H,3,GLN,Q,0.0
3,H,4,LEU,L,0.0
4,H,5,GLN,Q,0.0
5,H,6,GLN,Q,0.0
6,H,7,SER,S,0.0
7,H,8,GLY,G,0.0
8,H,9,ALA,A,0.0
9,H,10,GLU,E,0.0
10,H,11,LEU,L,0.0
11,H,12,VAL,V,0.0
12,H,13,LYS,K,0.0
13,H,14,PRO,P,0.0
14,H,15,GLY,G,0.0
15,H,16,ALA,A,0.0
16,H,17,SER,S,0.0
17,H,18,VAL,V,0.0
18,H,19,ARG,R,0.0
19,H,20,MET,M,0.0
20,H,21,SER,S,0.0
21,H,22,CYS,C,0.0
22,H,23,LYS,K,0.0
23,H,24,ALA,A,0.0
24,H,25,SER,S,0.0
25,H,26,GLY,G,0.0
26,H,27,TYR,Y,0.0
27,H,28,THR,T,0.0
28,H,29,PHE,F,0.0
29,H,30,THR,T,1.3519404161752249
30,H,31,ASN,N,0.0
31,H,32,TYR,Y,0.0
32,H,33,ASN,N,0.0
33,H,34,MET,M,0.0
34,H,35,TYR,Y,0.0
35,H,36,TRP,W,0.0
36,H,37,VAL,V,0.0
37,H,38,LYS,K,0.0
38,H,39,GLN,Q,0.0
39,H,40,SER,S,0.0
40,H,41,PRO,P,0.0
41,H,42,GLY,G,0.0
42,H,43,GLN,Q,0.0
43,H,44,GLY,G,0.0
44,H,45,LEU,L,0.0
45,H,46,GLU,E,0.0
46,H,47,TRP,W,0.0
47,H,48,ILE,I,0.0
48,H,49,GLY,G,0.0
49,H,50,ILE,I,0.0
50,H,51,PHE,F,0.0
51,H,52,TYR,Y,27.285611842370354
52,H,52A,PRO,P,0.0
53,H,53,GLY,G,11.403730005118657
54,H,54,ASN,N,75.62160349019588
55,H,55,GLY,G,4.996640283681494
56,H,56,ASP,D,65.90919387243443
57,H,57,THR,T,13.153270387532196
58,H,58,SER,S,14.390303910809713
59,H,59,TYR,Y,0.0
60,H,60,ASN,N,0.0
61,H,61,GLN,Q,0.0
62,H,62,LYS,K,0.0
63,H,63,PHE,F,0.0
64,H,64,LYS,K,0.0
65,H,65,ASP,D,0.0
66,H,66,LYS,K,0.0
67,H,67,ALA,A,0.0
68,H,68,THR,T,0.0
69,H,69,LEU,L,0.0
70,H,70,THR,T,0.0
71,H,71,ALA,A,0.0
72,H,72,ASP,D,0.0
73,H,73,LYS,K,0.0
74,H,74,SER,S,0.0
75,H,75,SER,S,0.0
76,H,76,ASN,N,0.0
77,H,77,THR,T,0.0
78,H,78,ALA,A,0.0
79,H,79,TYR,Y,0.0
80,H,80,MET,M,0.0
81,H,81,GLN,Q,0.0
82,H,82,LEU,L,0.0
83,H,82A,SER,S,0.0
84,H,82B,SER,S,0.0
85,H,82C,LEU,L,0.0
86,H,83,THR,T,0.0
87,H,84,SER,S,0.0
88,H,85,GLU,E,0.0
89,H,86,ASP,D,0.0
90,H,87,SER,S,0.0
91,H,88,ALA,A,0.0
92,H,89,VAL,V,0.0
93,H,90,TYR,Y,0.0
94,H,91,TYR,Y,0.0
95,H,92,CYS,C,0.0
96,H,93,ALA,A,0.0
97,H,94,ARG,R,0.0
98,H,95,SER,S,0.0
99,H,96,GLY,G,0.0
100,H,97,GLY,G,0.0
101,H,98,SER,S,0.0
102,H,99,TYR,Y,59.03948578320028
103,H,100,ARG,R,4.05582124852566
104,H,100A,TYR,Y,80.95528640012509
105,H,100B,ASP,D,19.038554135578714
106,H,100C,GLY,G,0.0
107,H,100D,GLY,G,0.0
108,H,100E,PHE,F,0.0
109,H,101,ASP,D,0.0
110,H,102,TYR,Y,0.0
111,H,103,TRP,W,0.0
112,H,104,GLY,G,0.0
113,H,105,GLN,Q,0.0
114,H,106,GLY,G,0.0
115,H,107,THR,T,0.0
116,H,108,THR,T,0.0
117,H,109,VAL,V,0.0
118,H,110,THR,T,0.0
119,H,111,VAL,V,0.0
