,chain_id,res_no,res,aa,value
0,L,1,ASP,D,4.111515403088475
1,L,2,ILE,I,1.3519404161752169
2,L,3,GLU,E,0.0
3,L,4,LEU,L,0.0
4,L,5,THR,T,0.0
5,L,6,GLN,Q,0.0
6,L,7,THR,T,0.0
7,L,8,THR,T,0.0
8,L,9,SER,S,0.0
9,L,10,SER,S,0.0
10,L,11,LEU,L,0.0
11,L,12,SER,S,0.0
12,L,13,ALA,A,0.0
13,L,14,SER,S,0.0
14,L,15,LEU,L,0.0
15,L,16,GLY,G,0.0
16,L,17,ASP,D,0.0
17,L,18,ARG,R,0.0
18,L,19,VAL,V,0.0
19,L,20,THR,T,0.0
20,L,21,ILE,I,0.0
21,L,22,SER,S,0.0
22,L,23,CYS,C,0.0
23,L,24,ARG,R,0.0
24,L,25,ALA,A,0.0
25,L,26,SER,S,0.0
26,L,27,GLN,Q,20.90400672053911
27,L,28,ASP,D,5.349252643120408
28,L,29,ILE,I,0.0
29,L,30,SER,S,38.56825230024905
30,L,31,ASN,N,8.993952510626691
31,L,32,TYR,Y,50.79730382820698
32,L,33,LEU,L,0.0
33,L,34,ASN,N,0.0
34,L,35,TRP,W,0.0
35,L,36,TYR,Y,0.0
36,L,37,GLN,Q,0.0
37,L,38,GLN,Q,0.0
38,L,39,ASN,N,0.0
39,L,40,PRO,P,0.0
40,L,41,ASP,D,0.0
41,L,42,GLY,G,0.0
42,L,43,THR,T,0.0
43,L,44,VAL,V,0.0
44,L,45,LYS,K,0.0
45,L,46,LEU,L,0.0
46,L,47,LEU,L,0.0
47,L,48,ILE,I,0.0
48,L,49,TYR,Y,0.0
49,L,50,TYR,Y,12.334546209265469
50,L,51,THR,T,0.0
51,L,52,SER,S,0.0
52,L,53,ASN,N,0.0
53,L,54,LEU,L,0.0
54,L,55,HIS,H,0.0
55,L,56,SER,S,0.0
56,L,57,GLU,E,0.0
57,L,58,VAL,V,0.0
58,L,59,PRO,P,0.0
59,L,60,SER,S,0.0
60,L,61,ARG,R,0.0
61,L,62,PHE,F,0.0
62,L,63,SER,S,0.0
63,L,64,GLY,G,0.0
64,L,65,SER,S,0.0
65,L,66,GLY,G,0.0
66,L,67,SER,S,0.0
67,L,68,GLY,G,0.0
68,L,69,THR,T,0.0
69,L,70,ASP,D,0.0
70,L,71,TYR,Y,0.0
71,L,72,SER,S,0.0
72,L,73,LEU,L,0.0
73,L,74,THR,T,0.0
74,L,75,ILE,I,0.0
75,L,76,SER,S,0.0
76,L,77,ASN,N,0.0
77,L,78,LEU,L,0.0
78,L,79,GLU,E,0.0
79,L,80,GLN,Q,0.0
80,L,81,GLU,E,0.0
81,L,82,ASP,D,0.0
82,L,83,ILE,I,0.0
83,L,84,ALA,A,0.0
84,L,85,THR,T,0.0
85,L,86,TYR,Y,0.0
86,L,87,PHE,F,0.0
87,L,88,CYS,C,0.0
88,L,89,GLN,Q,0.0
89,L,90,GLN,Q,0.0
90,L,91,ASP,D,19.045742099570127
91,L,92,PHE,F,92.76655637063806
92,L,93,THR,T,54.84723144891449
93,L,94,LEU,L,69.3629477384555
94,L,95,PRO,P,0.0
95,L,96,PHE,F,2.5096550081348994
96,L,97,THR,T,0.0
97,L,98,PHE,F,0.0
98,L,99,GLY,G,0.0
99,L,100,GLY,G,0.0
100,L,101,GLY,G,0.0
101,L,102,THR,T,0.0
102,L,103,ALA,A,0.0
103,L,104,ALA,A,0.0
